{
   "Fluid_Analysis": {
      "PIPESIM": {
         "pressure_bara": [
            282.00246804787884,
            282.00221804704626,
            282.00221804704626,
            277.92331136144674,
            277.92223851289117,
            256.02172305109315,
            230.99115913447386,
            205.99534887195856,
            181.04243831632428,
            156.14416083893437,
            131.31828668107062,
            106.5938446250458,
            84.21939901810764,
            73.43196519575768,
            57.1867213348611,
            44.292107429787514,
            33.90862872112644,
            24.401777735195385,
            15.649021211841498,
            7.849323145661126
         ],
         "viscosity_cP": [
            2.6046950096323913,
            2.6046917084956496,
            2.6046213869854764,
            2.5815130909946404,
            2.5813614360950528,
            2.4608576838992846,
            2.332049087764756,
            2.213762732015917,
            2.106771409437355,
            2.011997067263902,
            1.9306219071854698,
            1.9182565699164387,
            2.483074588174831,
            2.8780379770549285,
            3.7382872590932923,
            4.812908535934521,
            6.1380711742138665,
            7.990025821170391,
            10.636693647859142,
            14.250012711659545
         ],
         "temperature_C": [
            30.000000000000057,
            30.00001554671684,
            30.00001554671684,
            30.000000000000057,
            30.000066729034074,
            30.000000000000057,
            30.000000000000057,
            30.000000000000057,
            30.000000000000057,
            30.000000000000057,
            30.000000000000057,
            30.000000000000057,
            30.000000000000057,
            30.000000000000057,
            30.000000000000057,
            30.000000000000057,
            30.000000000000057,
            30.000000000000057,
            30.000000000000057,
            30.000000000000057
         ],
         "solution_gas_C": [
            100.0002911398782,
            100.0002911398782,
            100.0002911398782,
            100.0002911398782,
            100.0002911398782,
            100.0002911398782,
            100.0002911398782,
            100.0002911398782,
            100.0002911398782,
            100.0002911398782,
            100.0002911398782,
            97.26846707509628,
            73.23155438120845,
            62.084095327329614,
            45.93574684397465,
            33.76405823594802,
            24.47285551315938,
            16.46462069398371,
            9.641438024619946,
            4.199642621851694
         ],
         "formation_volume_factor": [
            1.122164239109562,
            1.1221642644013625,
            1.1221647471785208,
            1.1223269797327848,
            1.1223280705165084,
            1.1232928048666164,
            1.124622232565591,
            1.1262743895648168,
            1.1283822351181299,
            1.1311629146467208,
            1.1349964521419336,
            1.1357927494419753,
            1.100576538502726,
            1.085060347286975,
            1.0636524248132249,
            1.0484813035620104,
            1.0375566170187518,
            1.028672102947702,
            1.0215544737302749,
            1.0162255576809291
         ],
         "denstiy_kg_m3": [
            831.810644787798,
            831.810626040107,
            831.810268178954,
            831.690029864357,
            831.6892215499512,
            830.9749294640696,
            829.9926253121565,
            828.7750906350649,
            827.2269185395438,
            825.1933892149011,
            822.4062353058408,
            820.063534735703,
            830.2668612568757,
            834.5957881415853,
            840.2456057210276,
            843.8793922274396,
            846.1893480642348,
            847.7813419896077,
            848.7837555099154,
            849.3025956718524
         ]
      },
      "Unifloc": {
         "pressure_atma": [
            278.3148345742039,
            278.31458784253226,
            278.31458784253226,
            274.28901938809764,
            274.2879605687535,
            252.67382938744322,
            227.970580142936,
            203.3016300928995,
            178.67501876743702,
            154.10232610530795,
            129.60108997345694,
            105.19995955642193,
            83.11809562490745,
            72.47172475967884,
            56.43891345465365,
            43.71291725777115,
            33.46521914679176,
            24.08268544846333,
            15.444385221062731,
            7.746680686614574
         ],
         "viscosity_cP": [
            3.02940236309194,
            3.0294003176781152,
            3.0294003176781152,
            2.9961333001857193,
            2.9961245782373704,
            2.821443477115261,
            2.631295179424836,
            2.453547967940471,
            2.290305090736783,
            2.143740821586022,
            2.0162726122145225,
            1.9771077976875946,
            2.547438445958812,
            2.942945314451833,
            3.795018441518509,
            4.841668610232274,
            6.105903996451137,
            7.825462958319931,
            10.191724182853935,
            13.260442531393071
         ],
         "solution_gas_C": [
            100.0,
            100.0,
            100.0,
            100.0,
            100.0,
            100.0,
            100.0,
            100.0,
            100.0,
            100.0,
            100.0,
            96.800733199375,
            72.8929254792238,
            61.80375868953011,
            45.73751708969134,
            33.625293615400054,
            24.377135972253544,
            16.4038055538897,
            9.608414504364816,
            4.1866547226072095
         ],
         "formation_volume_factor": [
            1.1405994243793718,
            1.1405994342958645,
            1.1405994342958645,
            1.1407636140518231,
            1.1407636578720624,
            1.1417351150946535,
            1.1430723476842768,
            1.1447342006726688,
            1.1468544106303882,
            1.149651391075912,
            1.1535073819686008,
            1.1530699795029176,
            1.1133114275518114,
            1.095430438009976,
            1.070258392127973,
            1.0519444520781998,
            1.0384121579007919,
            1.0271110211850223,
            1.017790780198007,
            1.010594194192845
         ],
         "denstiy_kg_m3": [
            818.2557171706733,
            818.2557100566711,
            818.2557100566711,
            818.1379459369762,
            818.1379145097824,
            817.4417933380513,
            816.4855023312867,
            815.3001801217898,
            813.7929203123477,
            811.8130480636921,
            809.0992867398962,
            807.3723971645992,
            820.4640225812028,
            826.4362206688608,
            834.8698981004999,
            840.964568973455,
            845.3954641527332,
            849.006874194593,
            851.8874181895318,
            854.0212348380777
         ]
      }
   },
   "P_dis_water_case": {
      "PIPESIM": {
         "pressure_atma": [
            156.0894444208619,
            156.09761439252762,
            156.07674134908822,
            156.0469884771263,
            155.92727849000792,
            155.63557933090135,
            154.99617431754723,
            154.09151457045405,
            153.04564929431885,
            151.98200907777155,
            150.88959213132415,
            149.95199044975337,
            149.95198018243883,
            149.95196988775928,
            149.95195956600983
         ],